Front,Back,Tags
abbezahlen,,Verb
abblitzen lassen,,Slang Verb
abbrennen,,Everyday-Life Verb
abbuchen,,Verb
Abbuchung,,Nomen
abchecken,,Slang Verb
Abend,,13LeseverstehenZumPräteritum Nomen
Abendbrot,,13LeseverstehenZumPräteritum Nomen
Abenteuer,,Buch5 Folge2 Nomen
abfahren,,Verb
abgeschlossen,,Adjektiv StellenaziegeMechatroniker
abhängen,,Slang Verb
abhängen von,,Verb VerbMitFestenPraposition
abhauen,,Slang Verb
abheben,,Verb
abholen,,leech Mainstream Verb
abkühlen,,Gym Verb
abkühlen,,Gym
Ablautgruppe,,7DasPräteritumDerUnregelmäßigenVerben Nomen
ablehnen,,Buch5 Folge2 Verb
abnehmen,,Verb VerbMitDativUndAkkusativObjekt
abreißen,,7DasPräteritumDerUnregelmäßigenVerben Verb
absagen,,Verb Work
abschließen,,Verb
absolvieren,,StellenaziegeMechatroniker Verb
absperren,,Verb
abspülen,,Verb
Abstand,,7DasPräteritumDerUnregelmäßigenVerben Nomen
abstürzen,,Buch5 Folge2 Verb
abtrainieren,,Gym Verb
abtrocknen,,Verb VerbMitDativUndAkkusativObjekt
abwaschen,,7DasPräteritumDerUnregelmäßigenVerben Verb
abwimmeln,,Everyday-Life Verb
achten,,Verb
achten auf,,Verb VerbMitFestenPraposition
aktuell,,Buch5 Folge2
allein,,13LeseverstehenZumPräteritum Adjektiv
Alltag,,Nomen
alt,,Adjektiv
Altenheim,,13LeseverstehenZumPräteritum Nomen
Alter,,13LeseverstehenZumPräteritum Nomen
anbaggern,,Slang Verb
anbieten,,Verb VerbMitDativUndAkkusativObjekt
anderer,,Adjektiv
anders,,13LeseverstehenZumPräteritum Adjektiv
Anfang,,7DasPräteritumDerUnregelmäßigenVerben Nomen
anfangen (ohne mit),,Verb
anfangen mit,,Verb VerbMitFestenPraposition
angeben,,7DasPräteritumDerUnregelmäßigenVerben Verb
Angebot,,Nomen
angenehm,,KontakteInformationenZurPerson
angestellt,,KontakteInformationenZurPerson
anhören,,Everyday-Life Verb
ankommen,,Mainstream Verb
ankommen auf,,leech Verb VerbMitFestenPraposition
ankreuzen,,Verb
anmachen,,its-a-match Verb
annehmen,,Verb VerbMitDativUndAkkusativObjekt
Anpassungsfähigkeit,,Nomen StellenaziegeMechatroniker
Anrede,,KontakteInformationenZurPerson
Anruf,,Nomen
anrufen,,Mainstream Verb
ansehen,,Verb VerbMitDativUndAkkusativObjekt
ansparen,,Everyday-Life Verb
ansprechen,,KontakteInformationenZurPerson Verb
Antwort,,Buch5 Folge2 Nomen
antworten,,Verb VerbMitDativUndAkkusativObjekt
antworten auf,,Verb VerbMitFestenPraposition
anwenden,,KontakteInformationenZurPerson Verb
anzeigen,,7DasPräteritumDerUnregelmäßigenVerben Verb
anzünden,,Verb VerbMitDativUndAkkusativObjekt
Apfel,,13LeseverstehenZumPräteritum Nomen
Arbeit,,Nomen
arbeiten,,Verb
Arbeitsblatt,,7DasPräteritumDerUnregelmäßigenVerben Nomen
arbeitslos,,Adjektiv
Arbeitslosigkeit,,Buch5 Folge2 Nomen
Arbeitsplatz,,KontakteInformationenZurPerson
Arbeitsverhältnis,,Buch5 Folge2 Nomen
ärgern,,13LeseverstehenZumPräteritum Verb
arm,,7DasPräteritumDerUnregelmäßigenVerben Adjektiv
Artikel,,Nomen
Arzt,,13LeseverstehenZumPräteritum Nomen
Arztbesuch,,13LeseverstehenZumPräteritum Nomen
attraktiv,,Adjektiv StellenaziegeMechatroniker
aufbauen,,Gym Verb
auffallen,,Verb VerbMitDativUndAkkusativObjekt
Aufgabe,,Nomen
aufgeben,,leech Must-have-set Verb
aufgeregt,,Adjektiv
aufhalten,,Everyday-Life Verb
aufhängen,,Verb
aufheben,,leech Verb VerbMitDativUndAkkusativObjekt
aufhören,,Gym Verb
aufhören mit,,Verb VerbMitFestenPraposition
aufmachen,,its-a-match Verb
aufnehmen,,Verb VerbMitDativUndAkkusativObjekt
aufpassen,,Verb
aufpassen auf,,Verb VerbMitFestenPraposition
aufräumen,,Buch5 Folge2 Verb
aufregend,,Adjektiv StellenaziegeMechatroniker
aufreißen,,its-a-match Verb
aufspannen,,Verb
aufstehen,,Mainstream Verb
auftauchen,,Slang Verb
aufwachen,,Buch5 Folge2 Verb
aufwärmen,,Gym Verb
Augenblick,,KontakteInformationenZurPerson
ausarbeiten,,Verb Work
Ausbau,,Nomen StellenaziegeMechatroniker
Ausbildung,,Nomen
ausdenken,,Must-have-set Verb
auseinandergehen,,its-a-match
ausfüllen,,Verb
ausgeben für,,leech Verb VerbMitFestenPraposition
ausgehen,,Buch5 Folge2 Verb
ausgehen mit,,its-a-match Verb
ausgelassen,,Verb
auskommen,,13LeseverstehenZumPräteritum Verb
ausmachen,,7DasPräteritumDerUnregelmäßigenVerben Verb
auspacken,,Verb VerbMitDativUndAkkusativObjekt
ausprobieren,,Everyday-Life Verb
ausrasten,,Slang Verb
ausreichen,,Verb
ausschalten,,Mainstream Verb
aussehen,,Verb
aussprechen,,Verb VerbMitDativUndAkkusativObjekt
aussteigen,,Mainstream Verb
aussuchen,,leech Verb VerbMitDativUndAkkusativObjekt
australisch,,Adjektiv
ausüben,,KontakteInformationenZurPerson Verb
auswandern,,Buch5 Folge2 Verb
ausweichen,,Verb VerbMitDativUndAkkusativObjekt
auszahlen,,Verb
ausziehen,,Verb VerbMitDativUndAkkusativObjekt
Auto,,Nomen
Autofahrer,,7DasPräteritumDerUnregelmäßigenVerben Nomen
backen,,A2 StarkeVerb Verb
Backgammon _das Spiel_,,Buch5 Folge2 Nomen
Banane,,Buch5 Folge2 Nomen
Band,,Buch5 Folge2 Nomen
Bank,,Nomen
Bargeld,,Nomen
bauen,,Verb VerbMitDativUndAkkusativObjekt
Bauer,,13LeseverstehenZumPräteritum Nomen
Baum,,13LeseverstehenZumPräteritum Nomen
beachten,,Verb VerbMitDativUndAkkusativObjekt
beantragen,,Verb VerbMitDativUndAkkusativObjekt
beantworten,,Verb VerbMitDativUndAkkusativObjekt
bedeuten,,Verb
bedienen,,Verb VerbMitDativUndAkkusativObjekt
beenden,,StellenaziegeMechatroniker Verb
befehlen,,B1 StarkeVerb Verb
begegnen,,Verb VerbMitDativUndAkkusativObjekt
beginnen,,A1 StarkeVerb Verb
begründen,,Verb VerbMitDativUndAkkusativObjekt
begrüßen,,Verb VerbMitDativUndAkkusativObjekt
Begrüßen,,KontakteInformationenZurPerson
behalten,,Verb VerbMitDativUndAkkusativObjekt
behandeln,,13LeseverstehenZumPräteritum Verb
Beispiel,,KontakteInformationenZurPerson
beißen,,B1 StarkeVerb Verb
bekannt,,KontakteInformationenZurPerson
bekommen,,Verb
bemerken,,Verb VerbMitDativUndAkkusativObjekt
benutzen,,Verb VerbMitDativUndAkkusativObjekt
bequem,,Adjektiv
beraten,,Verb VerbMitDativUndAkkusativObjekt
Bereich,,KontakteInformationenZurPerson
bergen,,B2 StarkeVerb Verb
berichten,,Verb
berichten über,,Verb VerbMitFestenPraposition
bersten,,C2 StarkeVerb Verb
berücksichtigen,,Verb VerbMitDativUndAkkusativObjekt
Beruf,,Nomen
beruflich,,KontakteInformationenZurPerson
berufstätig,,Adjektiv KontakteInformationenZurPerson
beruhigen,,Verb VerbMitDativUndAkkusativObjekt
berühmt,,Adjektiv
beschäftigen,,13LeseverstehenZumPräteritum Verb
beschäftigt,,KontakteInformationenZurPerson
beschreiben,,Verb
beschützen,,Verb
beschweren (sich),,Buch5 Folge2 Verb
besichtigen,,Verb VerbMitDativUndAkkusativObjekt
besitzen,,Verb VerbMitDativUndAkkusativObjekt
besonders,,7DasPräteritumDerUnregelmäßigenVerben Adjektiv
besorgen,,Verb
besprechen,,Buch5 Folge2 Verb
bestehen,,Verb
bestehen aus,,leech Verb VerbMitFestenPraposition
bestimmen,,Verb VerbMitDativUndAkkusativObjekt
besuchen,,Verb VerbMitDativUndAkkusativObjekt
Betrag,,Nomen
betrügen,,Verb VerbMitDativUndAkkusativObjekt
betrunken,,Verb
Bett,,13LeseverstehenZumPräteritum Nomen
bewegen,,Buch5 Folge2 Verb
beweisen,,Verb VerbMitDativUndAkkusativObjekt
bewerben (sich),,Verb
bezahlen,,Verb
biegen,,A2 StarkeVerb Verb
bieten,,A2 StarkeVerb Verb
Bild / Foto,,Buch5 Folge2 Nomen
bilden,,7DasPräteritumDerUnregelmäßigenVerben Verb
binden,,B1 StarkeVerb Verb
bitten,,A2 StarkeVerb Verb
bitten um,,Verb VerbMitFestenPraposition
blasen,,B2 StarkeVerb Verb
bleiben,,A1 StarkeVerb Verb
bleichen,,C2 StarkeVerb Verb
Boden,,7DasPräteritumDerUnregelmäßigenVerben Nomen
Bolzplatz,,13LeseverstehenZumPräteritum Nomen
böse,,Adjektiv
Boxer,,7DasPräteritumDerUnregelmäßigenVerben Nomen
braten,,A2 StarkeVerb Verb
brauchen,,Verb
brechen,,B1 StarkeVerb Verb
brennen,,B1 StarkeVerb Verb
Brille,,Nomen
bringen,,A1 StarkeVerb Verb
Broschüre,,Nomen
brutal,,Buch5 Folge2
Buch,,7DasPräteritumDerUnregelmäßigenVerben Nomen
buchen,,Verb
Bucht,,7DasPräteritumDerUnregelmäßigenVerben Nomen
Buchung,,Nomen
Buffet,,7DasPräteritumDerUnregelmäßigenVerben Nomen
bügeln,,Verb
Büro,,Nomen
Bus,,13LeseverstehenZumPräteritum Nomen
Bushaltestelle,,Nomen
CD,,Buch5 Folge2 Nomen
Chef,,Nomen
Chips,,13LeseverstehenZumPräteritum Nomen
Christentum,,7DasPräteritumDerUnregelmäßigenVerben Nomen
Computer,,7DasPräteritumDerUnregelmäßigenVerben Nomen
Computerspiel,,13LeseverstehenZumPräteritum Nomen
Couch-Sofa,,Buch5 Folge2 Nomen
Dame,,Nomen
Dankeschön,,Buch5 Folge2 Nomen
Dann erzählen Sie doch mal.,,Satz
Darsteller,,Buch5 Folge2 Nomen
Das mach ich nicht.,,Satz
dauern,,Verb
denken,,Buch5 Folge2 Verb
denken an,,Verb VerbMitFestenPraposition
Der spinnt ja wohl.,,Satz
deutlich,,Adjektiv
Deutschbuch,,7DasPräteritumDerUnregelmäßigenVerben Nomen
Deutschkurs,,Buch5 Folge2 Nomen
dienen,,Verb VerbMitDativUndAkkusativObjekt
Diener,,7DasPräteritumDerUnregelmäßigenVerben Nomen
Dienstag,,Nomen
direkt,,Adjektiv StellenaziegeMechatroniker
diskriminierend,,KontakteInformationenZurPerson
Diskussion,,Buch5 Folge2 Nomen
diskutieren,,Verb
diskutieren über,,Verb VerbMitFestenPraposition
Display,,Nomen
Dispo,,Nomen
drehen,,Verb VerbMitDativUndAkkusativObjekt
dreschen,,C2 StarkeVerb Verb
dringen,,C1 StarkeVerb Verb
drucken,,Verb VerbMitDativUndAkkusativObjekt
drücken,,Verb
Du rickst mich auf.,,Satz
dumm,,Adjektiv
dunkel,,7DasPräteritumDerUnregelmäßigenVerben Adjektiv
durchführen,,Verb Work
durchhalten,,Must-have-set Verb
durchsprechen,,Verb Work
durchsprechen,,Work
durchziehen,,Gym Verb
dürfen,,A1 StarkeVerb Verb
DVD,,Buch5 Folge2 Nomen
E-Mail,,Nomen StellenaziegeMechatroniker
EC‑Karte,,Nomen
Ehefrau,,Nomen
Ehemann,,Nomen
ehren,,Verb VerbMitDativUndAkkusativObjekt
eigen,,13LeseverstehenZumPräteritum Adjektiv
einarbeiten,,Verb Work
Einbrecher,,Nomen
einfach,,Adjektiv
einfallen,,Verb VerbMitDativUndAkkusativObjekt
einkaufen,,Verb VerbMitDativUndAkkusativObjekt
einladen,,its-a-match Verb
Einladung,,Nomen
Einnahme,,7DasPräteritumDerUnregelmäßigenVerben Nomen
einpacken,,Verb VerbMitDativUndAkkusativObjekt
einplanen,,Verb Work
einschalten,,Mainstream Verb
Einschlafstörung,,13LeseverstehenZumPräteritum Nomen
einsteigen,,Mainstream Verb
einstellen,,Verb Work
eintreten,,7DasPräteritumDerUnregelmäßigenVerben Verb
Einweihungsparty,,7DasPräteritumDerUnregelmäßigenVerben Nomen
einzahlen,,Verb
Einzahlung,,Nomen
"Ella Stark, nicht wahr?",,Satz
Elternteil,,13LeseverstehenZumPräteritum Nomen
empfehlen,,B1 StarkeVerb Verb
Energie,,Nomen
Enkel,,7DasPräteritumDerUnregelmäßigenVerben Nomen
enthalten,,Verb VerbMitDativUndAkkusativObjekt
entlassen,,Verb VerbMitDativUndAkkusativObjekt
entscheiden,,KontakteInformationenZurPerson Verb
Entschuldigung,,7DasPräteritumDerUnregelmäßigenVerben Nomen
entwickeln,,Buch5 Folge2 Verb
Erde,,7DasPräteritumDerUnregelmäßigenVerben Nomen
erfahren,,Verb VerbMitDativUndAkkusativObjekt
erfahren von,,Verb VerbMitFestenPraposition
erfinden,,Verb VerbMitDativUndAkkusativObjekt
erfolgreich,,Adjektiv StellenaziegeMechatroniker
erfüllen,,Verb VerbMitDativUndAkkusativObjekt
ergänzen,,Verb
erhalten,,Verb VerbMitDativUndAkkusativObjekt
erhöhen,,Verb VerbMitDativUndAkkusativObjekt
erinnern (sich),,Buch5 Folge2 Verb
Erinnerst du dich?,,Satz
Erkältung,,7DasPräteritumDerUnregelmäßigenVerben Nomen
erkennen,,Verb VerbMitDativUndAkkusativObjekt
erkennen an,,Verb VerbMitFestenPraposition
erklären,,Verb
erlauben,,Buch5 Folge2 Verb
erledigen,,Verb
erledigt,,13LeseverstehenZumPräteritum Adjektiv
erlöschen,,C1 StarkeVerb Verb
eröffnen,,Verb
erreichen,,Verb VerbMitDativUndAkkusativObjekt
erschaffen,,7DasPräteritumDerUnregelmäßigenVerben Verb
erschrecken,,B1 StarkeVerb Verb
erschrecken über,,Verb VerbMitFestenPraposition
erst,,KontakteInformationenZurPerson
erwarten,,Verb VerbMitDativUndAkkusativObjekt
Erweiterung,,Nomen StellenaziegeMechatroniker
erzählen,,7DasPräteritumDerUnregelmäßigenVerben Verb
erzählen über,,Verb VerbMitFestenPraposition
erzählen von,,Verb VerbMitFestenPraposition
Erzbischof,,7DasPräteritumDerUnregelmäßigenVerben Nomen
erziehen,,Verb VerbMitDativUndAkkusativObjekt
essen,,A1 StarkeVerb Verb
Fähigkeit,,Nomen StellenaziegeMechatroniker
fahren,,A1 StarkeVerb Verb
Fahrzeug,,Nomen StellenaziegeMechatroniker
Fall,,Nomen StellenaziegeMechatroniker
Falle,,7DasPräteritumDerUnregelmäßigenVerben Nomen
fallen,,A2 StarkeVerb Verb
falsch,,Adjektiv
Familie,,13LeseverstehenZumPräteritum Nomen
fangen,,A1 StarkeVerb Verb
Fastfood,,13LeseverstehenZumPräteritum Nomen
faul,,Buch5 Folge2
fechten,,C1 StarkeVerb Verb
fehlen,,Verb VerbMitDativUndAkkusativObjekt
Feier,,Nomen
feiern,,Verb VerbMitDativUndAkkusativObjekt
Fenster,,Nomen
Fernbedienung,,13LeseverstehenZumPräteritum Nomen
Fernsehabend,,Buch5 Folge2 Nomen
Fernsehen,,Buch5 Folge2 Nomen
Fernsehprogramm,,13LeseverstehenZumPräteritum Nomen
Fernsehsender,,Buch5 Folge2 Nomen
Fest,,Nomen
Fettnäpfchen,,7DasPräteritumDerUnregelmäßigenVerben Nomen
Feuer,,Nomen
Film,,Buch5 Folge2 Nomen
finden,,Verb
Firma,,KontakteInformationenZurPerson
flechten,,C2 StarkeVerb Verb
Fleisch,,7DasPräteritumDerUnregelmäßigenVerben Nomen
fleißig,,Buch5 Folge2
Flexibilität,,Nomen StellenaziegeMechatroniker
Fliege,,7DasPräteritumDerUnregelmäßigenVerben Nomen
fliegen,,A1 StarkeVerb Verb
Fliegenklatsche,,7DasPräteritumDerUnregelmäßigenVerben Nomen
fliehen,,B1 StarkeVerb Verb
fließen,,B1 StarkeVerb Verb
Flugzeugabsturz,,Buch5 Folge2 Nomen
föhnen,,Verb
Folge,,Buch5 Folge2 Nomen
folgen,,Verb VerbMitDativUndAkkusativObjekt
folgend,,7DasPräteritumDerUnregelmäßigenVerben Adjektiv
fordern,,Verb VerbMitDativUndAkkusativObjekt
Form,,KontakteInformationenZurPerson
förmlich,,KontakteInformationenZurPerson
Formular,,Nomen
Fortbildung,,KontakteInformationenZurPerson
Frage,,Nomen
fragen,,Verb
fragen nach,,Verb VerbMitFestenPraposition
Frau,,KontakteInformationenZurPerson
Fräulein,,KontakteInformationenZurPerson
freiwillig,,Adjektiv
Fremde,,7DasPräteritumDerUnregelmäßigenVerben Nomen
fressen,,B1 StarkeVerb Verb
freuen,,Verb
Freund,,13LeseverstehenZumPräteritum Nomen
Freundin,,KontakteInformationenZurPerson
freundlich,,Adjektiv
frieren,,B1 StarkeVerb Verb
frisch,,Adjektiv
früh,,13LeseverstehenZumPräteritum Adjektiv
fühlen,,Verb VerbMitDativUndAkkusativObjekt
führen,,Verb VerbMitDativUndAkkusativObjekt
Führerschein,,Nomen StellenaziegeMechatroniker
funktionieren,,Verb
Fuß,,7DasPräteritumDerUnregelmäßigenVerben Nomen
Fußball,,13LeseverstehenZumPräteritum Nomen
Fußmarsch,,13LeseverstehenZumPräteritum Nomen
Galerie _Foto_,,Buch5 Folge2 Nomen
ganz,,7DasPräteritumDerUnregelmäßigenVerben Adjektiv
Garage,,7DasPräteritumDerUnregelmäßigenVerben Nomen
Garten,,Nomen
Gast,,7DasPräteritumDerUnregelmäßigenVerben Nomen
gebären,,B2 StarkeVerb Verb
geben,,A1 StarkeVerb Verb
Geburtstagskuchen,,7DasPräteritumDerUnregelmäßigenVerben Nomen
gedeihen,,C1 StarkeVerb Verb
gefallen,,Verb
Gegenstand,,Buch5 Folge2 Nomen
geheim,,Adjektiv
Geheimzahl,,Nomen
gehen,,7DasPräteritumDerUnregelmäßigenVerben Verb
gehen in,,A1 StarkeVerb Verb
gehen um,,Verb VerbMitFestenPraposition
gehören,,Verb VerbMitDativUndAkkusativObjekt
Geht raus!,,Exclamation Verb
Geld,,Nomen
Geldautomat,,Nomen
gelernt,,Adjektiv
gelingen,,B1 StarkeVerb Verb
gelten,,B1 StarkeVerb Verb
gemeinsam,,13LeseverstehenZumPräteritum Adjektiv
Gemüse,,7DasPräteritumDerUnregelmäßigenVerben Nomen
genau,,Adjektiv StellenaziegeMechatroniker
genesen,,C1 StarkeVerb Verb
genießen,,B1 StarkeVerb Verb
Geschäft,,Nomen
geschäftlich,,KontakteInformationenZurPerson
geschehen,,B1 StarkeVerb Verb
Geschichte,,Nomen
Geschirr,,7DasPräteritumDerUnregelmäßigenVerben Nomen
Geschwindigkeit,,7DasPräteritumDerUnregelmäßigenVerben Nomen
Geschwister,,13LeseverstehenZumPräteritum Nomen
Gesicht,,7DasPräteritumDerUnregelmäßigenVerben Nomen
Gespräch,,Nomen
gesund,,Adjektiv
Gesundheit,,Nomen
getrennt,,13LeseverstehenZumPräteritum Adjektiv
Gewinn,,Nomen
gewinnen,,A2 StarkeVerb Verb
gießen,,B1 StarkeVerb Verb
Girokonto,,Nomen
Glas,,Nomen
glauben,,Buch5 Folge2 Verb
glauben an,,Verb VerbMitFestenPraposition
gleichen,,B1 StarkeVerb Verb
gleiten,,C1 StarkeVerb Verb
glimmen,,C2 StarkeVerb Verb
Glockenschlag,,Nomen
glücklich,,Adjektiv
Gott,,7DasPräteritumDerUnregelmäßigenVerben Nomen
graben,,B1 StarkeVerb Verb
gratulieren,,Buch5 Folge2 Verb
gratulieren zu,,Verb VerbMitFestenPraposition
Grenze,,Nomen
groß,,Adjektiv
Großmutter,,7DasPräteritumDerUnregelmäßigenVerben Nomen
großziehen,,its-a-match Verb
gründen,,Verb VerbMitDativUndAkkusativObjekt
Gruppe,,Nomen
grüßen,,Verb VerbMitDativUndAkkusativObjekt
günstig,,Adjektiv
gut,,KontakteInformationenZurPerson
haben,,A1 StarkeVerb Verb
Hafen,,Nomen
halbtags,,KontakteInformationenZurPerson
Halt durch!,,Exclamation Verb
halten,,B1 StarkeVerb Verb
halten für,,Verb VerbMitFestenPraposition
Hamburger,,13LeseverstehenZumPräteritum Nomen
Hand,,KontakteInformationenZurPerson
handeln,,Buch5 Folge2 Verb
handeln von,,Verb VerbMitFestenPraposition
Handgeben,,KontakteInformationenZurPerson
Handwerk,,Nomen StellenaziegeMechatroniker
Handy,,7DasPräteritumDerUnregelmäßigenVerben Nomen
hängen,,B1 StarkeVerb Verb
hassen,,Verb VerbMitDativUndAkkusativObjekt
hässlich,,Buch5 Folge2
hauen,,C2 StarkeVerb Verb
Haufen,,7DasPräteritumDerUnregelmäßigenVerben Nomen
Haus,,Nomen
Hausmeister,,KontakteInformationenZurPerson
Haustür,,Nomen
heben,,B1 StarkeVerb Verb
heiß,,Adjektiv
heißen,,A1 StarkeVerb Verb
heizen,,Verb VerbMitDativUndAkkusativObjekt
helfen,,A1 StarkeVerb Verb
helfen bei,,Verb VerbMitFestenPraposition
hell,,Adjektiv
Hemd,,7DasPräteritumDerUnregelmäßigenVerben Nomen
herausfinden,,Must-have-set Verb
Herbst,,Nomen
hereinfallen,,Everyday-Life Verb
Herr,,KontakteInformationenZurPerson
herstellen,,Verb VerbMitDativUndAkkusativObjekt
herzlich,,KontakteInformationenZurPerson
Heute noch?,,Satz
Hierarchie,,KontakteInformationenZurPerson
Hilfe,,Nomen
Himmel,,Nomen
hindern an,,Verb VerbMitFestenPraposition
hoch,,Adjektiv
hoffen,,KontakteInformationenZurPerson Verb
hoffen auf,,Verb VerbMitFestenPraposition
holen,,Verb
Honig,,7DasPräteritumDerUnregelmäßigenVerben Nomen
Hör zu!,,Exclamation Verb
hören,,Verb
hören von,,Verb VerbMitFestenPraposition
Hund,,Nomen
huschen,,7DasPräteritumDerUnregelmäßigenVerben Verb
Ich hab Sie / dich schon gesehen.,,Satz
Ich kann doch nicht zaubern.,,Satz
Ich versuche es. / Ich bemühe mich.,,Satz
Idealfall,,Nomen StellenaziegeMechatroniker
Idee,,Buch5 Folge2 Nomen
individuell,,Adjektiv StellenaziegeMechatroniker
Insel,,Buch5 Folge2 Nomen
interessant,,Adjektiv
Interesse,,Nomen StellenaziegeMechatroniker
interessieren,,Verb
interessiert sein an,,Verb VerbMitFestenPraposition
Internet,,7DasPräteritumDerUnregelmäßigenVerben Nomen
Interview,,Nomen
"Ja, stimmt.",,Satz
Jahr,,Buch5 Folge2 Nomen
Jugend,,7DasPräteritumDerUnregelmäßigenVerben Nomen
Jugendliche,,7DasPräteritumDerUnregelmäßigenVerben Nomen
Jugendlicher,,13LeseverstehenZumPräteritum Nomen
jung,,Adjektiv
Kaffee,,Nomen
kämpfen für,,Verb VerbMitFestenPraposition
Kantine,,Nomen
kaputt,,Adjektiv
Karte,,Buch5 Folge2 Nomen
Karton,,Nomen
kaufen,,Verb
kennen,,A1 StarkeVerb Verb
kennenlernen,,its-a-match Verb
kennenlernen,,its-a-match
KFZ,,Nomen StellenaziegeMechatroniker
Kind,,Nomen
Kindergarten,,KontakteInformationenZurPerson
Kino,,Nomen
Kirche,,Nomen
Kiste,,Buch5 Folge2 Nomen
klagen,,Verb VerbMitDativUndAkkusativObjekt
klagen über,,Verb VerbMitFestenPraposition
klauen,,13LeseverstehenZumPräteritum Verb
Kleider,,Buch5 Folge2 Nomen
klein,,Adjektiv
Klemme,,7DasPräteritumDerUnregelmäßigenVerben Nomen
klettern,,13LeseverstehenZumPräteritum Verb
klimmen,,C1 StarkeVerb Verb
klingeln,,13LeseverstehenZumPräteritum Verb
klingen,,B1 StarkeVerb Verb
kneifen,,C1 StarkeVerb Verb
Kneipe,,Buch5 Folge2 Nomen
kochen,,Verb VerbMitDativUndAkkusativObjekt
Kollegin,,KontakteInformationenZurPerson
Kolumne,,Nomen
komisch,,Buch5 Folge2
Komm rein!,,Exclamation Verb
kommen,,A1 StarkeVerb Verb
kommen zu,,Verb VerbMitFestenPraposition
kommend,,13LeseverstehenZumPräteritum Adjektiv
Kommissar,,Buch5 Folge2 Nomen
Kommunikation,,Buch5 Folge2 Nomen
kommunizieren,,13LeseverstehenZumPräteritum Verb
Komödie,,Buch5 Folge2 Nomen
kompetent,,Adjektiv
kompliziert,,Adjektiv
Konferenz,,7DasPräteritumDerUnregelmäßigenVerben Nomen
können,,A1 StarkeVerb Verb
Konsum,,Buch5 Folge2 Nomen
Konto,,Nomen
Kontoauszug,,Nomen
Kontonummer,,Nomen
kontrollieren,,Verb
Konzert,,Buch5 Folge2 Nomen
korrekt,,KontakteInformationenZurPerson
korrigieren,,Verb VerbMitDativUndAkkusativObjekt
kostenlos,,Adjektiv
krank,,Adjektiv
Krankenhaus,,Buch5 Folge2 Nomen
Krankheit,,7DasPräteritumDerUnregelmäßigenVerben Nomen
Kredit,,Nomen
Kreditkarte,,Nomen
Kreuzfahrt,,Nomen
Kreuzfahrtschiff,,Nomen
kriechen,,C1 StarkeVerb Verb
kriegen,,Buch5 Folge2 Verb
Krimi,,Buch5 Folge2 Nomen
Kriminalität,,Buch5 Folge2 Nomen
Kriminalserie,,Buch5 Folge2 Nomen
Küche,,Buch5 Folge2 Nomen
kühlen,,Verb
kümmern (sich),,StellenaziegeMechatroniker Verb
Kumpan,,7DasPräteritumDerUnregelmäßigenVerben Nomen
Kunde,,Nomen
kündigen,,Verb VerbMitDativUndAkkusativObjekt
Kurs,,Nomen
Kurve,,7DasPräteritumDerUnregelmäßigenVerben Nomen
kurz,,Satz
kurzfristig,,Adjektiv StellenaziegeMechatroniker
kurzsichtig,,Adjektiv StellenaziegeMechatroniker
kurzweilig,,Adjektiv StellenaziegeMechatroniker
küssen,,Verb VerbMitDativUndAkkusativObjekt
lachen,,Verb
lachen über,,Verb VerbMitFestenPraposition
laden,,A2 StarkeVerb Verb
Land,,KontakteInformationenZurPerson
lang,,Adjektiv
langweilig,,Adjektiv
Laptop,,13LeseverstehenZumPräteritum Nomen
lassen,,B1 StarkeVerb Verb
laufen,,A2 StarkeVerb Verb
laut,,
leben,,13LeseverstehenZumPräteritum Verb
leer,,Adjektiv
legen,,Verb
Lehrbuch,,Buch5 Folge2 Nomen
Lehrerin,,KontakteInformationenZurPerson
Leib,,7DasPräteritumDerUnregelmäßigenVerben Nomen
leicht,,Adjektiv
leiden,,13LeseverstehenZumPräteritum Verb
leiden an,,Verb VerbMitFestenPraposition
leiden unter,,Verb VerbMitFestenPraposition
leihen,,B1 StarkeVerb Verb
leiten,,Verb VerbMitDativUndAkkusativObjekt
Leitung,,Nomen StellenaziegeMechatroniker
lernen,,Verb
lesen,,A1 StarkeVerb Verb
Licht,,7DasPräteritumDerUnregelmäßigenVerben Nomen
lieb,,Buch5 Folge2
lieben,,Verb VerbMitDativUndAkkusativObjekt
liebevoll,,13LeseverstehenZumPräteritum Adjektiv
Lieblingsfilm,,Buch5 Folge2 Nomen
Lieblingsserie,,Buch5 Folge2 Nomen
Lied,,Buch5 Folge2 Nomen
liegen,,A2 StarkeVerb Verb
loben,,Verb VerbMitDativUndAkkusativObjekt
lösen,,Verb VerbMitDativUndAkkusativObjekt
Lotto,,Nomen
Lottotipp,,Nomen
Lottoziehung,,Nomen
lügen,,B1 StarkeVerb Verb
Lumpen,,7DasPräteritumDerUnregelmäßigenVerben Nomen
Lust,,Buch5 Folge2 Nomen
lustig,,Adjektiv
Mach keine blöden Witze.,,Satz
Mach weiter!,,Exclamation Verb
machen,,Verb
Mail,,13LeseverstehenZumPräteritum Nomen
malen,,Verb VerbMitDativUndAkkusativObjekt
Mann,,KontakteInformationenZurPerson
Märchen,,Buch5 Folge2 Nomen
Marketing,,KontakteInformationenZurPerson
markieren,,Verb VerbMitDativUndAkkusativObjekt
marschieren,,13LeseverstehenZumPräteritum Verb
Medikament,,13LeseverstehenZumPräteritum Nomen
Meer,,7DasPräteritumDerUnregelmäßigenVerben Nomen
meiden,,B1 StarkeVerb Verb
meinen,,Buch5 Folge2 Verb
melden,,Verb VerbMitDativUndAkkusativObjekt
melken,,C1 StarkeVerb Verb
Mensch,,Nomen StellenaziegeMechatroniker
merken,,Verb VerbMitDativUndAkkusativObjekt
Messe,,KontakteInformationenZurPerson
messen,,B1 StarkeVerb Verb
Miete,,Nomen
mieten,,Verb VerbMitDativUndAkkusativObjekt
Milch,,7DasPräteritumDerUnregelmäßigenVerben Nomen
Million,,Nomen
Minute,,Buch5 Folge2 Nomen
Mitarbeiter,,KontakteInformationenZurPerson
Mitarbeiterrabatt,,Nomen StellenaziegeMechatroniker
mitbringen,,Must-have-set Verb
mitkommen,,Mainstream Verb
mitnehmen,,Buch5 Folge2 Verb
mitteilen,,leech Verb Work
Mittelmeer,,7DasPräteritumDerUnregelmäßigenVerben Nomen
Mob,,7DasPräteritumDerUnregelmäßigenVerben Nomen
modern,,Adjektiv
mögen,,A1 StarkeVerb Verb
möglich,,Adjektiv
Moment,,Nomen
Motivation,,Nomen StellenaziegeMechatroniker
motiviert,,Adjektiv StellenaziegeMechatroniker
müde,,Buch5 Folge2
Müll,,Buch5 Folge2 Nomen
Mumps,,13LeseverstehenZumPräteritum Nomen
Musik,,Buch5 Folge2 Nomen
Musiker,,Buch5 Folge2 Nomen
müssen,,A1 StarkeVerb Verb
mutig,,Adjektiv
Mutter,,7DasPräteritumDerUnregelmäßigenVerben Nomen
Nachbarschaft,,13LeseverstehenZumPräteritum Nomen
nachdenken,,Must-have-set Verb
nachdenken über,,Verb VerbMitFestenPraposition
nachkommen,,Verb
Nachricht,,Buch5 Folge2 Nomen
nachschlagen,,Must-have-set Verb
nachsehen,,Verb
nächste,,Adjektiv
Nacht,,Nomen
Nähe,,13LeseverstehenZumPräteritum Nomen
Name,,KontakteInformationenZurPerson
nass,,Adjektiv
natürlich,,7DasPräteritumDerUnregelmäßigenVerben Adjektiv
nehmen,,A1 StarkeVerb Verb
nennen,,A2 StarkeVerb Verb
neu,,Adjektiv
neugierig,,Adjektiv
Nichte,,13LeseverstehenZumPräteritum Nomen
niederlassen,,its-a-match
Nintendo-Konsole,,13LeseverstehenZumPräteritum Nomen
Niveau,,KontakteInformationenZurPerson
normal,,Adjektiv
Notarzt,,Nomen
notwendig,,13LeseverstehenZumPräteritum Adjektiv
nutzen,,Verb VerbMitDativUndAkkusativObjekt
nützen,,Verb VerbMitDativUndAkkusativObjekt
offen,,13LeseverstehenZumPräteritum Adjektiv
öffnen,,Verb
Oma,,13LeseverstehenZumPräteritum Nomen
Onkel,,13LeseverstehenZumPräteritum Nomen
Online‑Banking,,Nomen
Operation,,Buch5 Folge2 Nomen
optimistisch,,Buch5 Folge2
ordnen,,Verb
Ort,,Nomen StellenaziegeMechatroniker
Party,,7DasPräteritumDerUnregelmäßigenVerben Nomen
Pass auf!,,Exclamation Verb
passen,,Verb
passend,,Adjektiv
passieren,,Verb
PC,,7DasPräteritumDerUnregelmäßigenVerben Nomen
Perfekt,,7DasPräteritumDerUnregelmäßigenVerben Nomen
Person,,KontakteInformationenZurPerson
Personal,,KontakteInformationenZurPerson
Personalausweis,,Nomen
Pfanne,,7DasPräteritumDerUnregelmäßigenVerben Nomen
pfeifen,,B2 StarkeVerb Verb
Pflanze,,7DasPräteritumDerUnregelmäßigenVerben Nomen
Pflegeheim,,Buch5 Folge2 Nomen
pflegen,,Verb
Pizza,,13LeseverstehenZumPräteritum Nomen
planen,,Verb
Planung,,Nomen StellenaziegeMechatroniker
plappern,,13LeseverstehenZumPräteritum Verb
Platz,,KontakteInformationenZurPerson
Polizei,,Nomen
Pommes,,13LeseverstehenZumPräteritum Nomen
positiv,,Buch5 Folge2
Praktikant,,KontakteInformationenZurPerson
Präteritum,,7DasPräteritumDerUnregelmäßigenVerben Nomen
preisen,,C1 StarkeVerb Verb
privat,,Adjektiv
probieren,,Buch5 Folge2 Verb
Problem,,Buch5 Folge2 Nomen
protestieren gegen,,Verb VerbMitFestenPraposition
prüfen,,Verb
Prüfung,,KontakteInformationenZurPerson
psychisch,,13LeseverstehenZumPräteritum Adjektiv
pünktlich,,Adjektiv
putzen,,Verb
quellen,,C1 StarkeVerb Verb
Quizshow,,Buch5 Folge2 Nomen
Rabatt,,Nomen StellenaziegeMechatroniker
Radio,,Nomen
rappen,,Buch5 Folge2 Verb
Rapper,,Buch5 Folge2 Nomen
Rate,,Nomen
raten,,B1 StarkeVerb Verb
Ratenkauf,,Buch5 Folge2 Nomen
reagieren,,StellenaziegeMechatroniker Verb
realistisch,,Buch5 Folge2
rechnen mit,,Verb VerbMitFestenPraposition
Rechnung,,Nomen
reden,,Buch5 Folge2 Verb
reden über,,Verb VerbMitFestenPraposition
reden von,,Verb VerbMitFestenPraposition
Regel,,KontakteInformationenZurPerson
regelmäßig,,7DasPräteritumDerUnregelmäßigenVerben Adjektiv
reiben,,B1 StarkeVerb Verb
reichen,,Verb VerbMitDativUndAkkusativObjekt
Reihenfolge,,KontakteInformationenZurPerson
Reise,,Buch5 Folge2 Nomen
reisen,,Verb
reißen,,B2 StarkeVerb Verb
reiten,,B1 StarkeVerb Verb
rennen,,A2 StarkeVerb Verb
renovieren,,Verb
Reparatur,,Nomen
Reparaturarbeit,,Nomen StellenaziegeMechatroniker
reparieren,,Verb
reservieren,,Verb VerbMitDativUndAkkusativObjekt
Restaurant,,Buch5 Folge2 Nomen
retten,,Verb
richtig,,Adjektiv
riechen,,Verb VerbMitDativUndAkkusativObjekt
riechen nach,,Verb VerbMitFestenPraposition
ringen,,B2 StarkeVerb Verb
rinnen,,C1 StarkeVerb Verb
Ritter,,7DasPräteritumDerUnregelmäßigenVerben Nomen
Rolle,,13LeseverstehenZumPräteritum Nomen
Röteln,,13LeseverstehenZumPräteritum Nomen
rufen,,A1 StarkeVerb Verb
ruhig,,Adjektiv
rumhängen,,Slang Verb
Rundfunk,,Buch5 Folge2 Nomen
runterkommen,,Gym Verb
S-Bahn,,Nomen
"Sag mal, geht's noch?",,Satz
sagen,,Verb
sagen über,,Verb VerbMitFestenPraposition
sagen zu,,Verb VerbMitFestenPraposition
sammeln,,Verb VerbMitDativUndAkkusativObjekt
Samstag,,7DasPräteritumDerUnregelmäßigenVerben Nomen
Sänger,,Buch5 Folge2 Nomen
sauer,,Adjektiv
saufen,,B2 StarkeVerb Verb
saugen,,C1 StarkeVerb Verb
Schaden,,Nomen
schaden,,Verb VerbMitDativUndAkkusativObjekt
Schadenhöhe,,Nomen
Schadenshergang,,Nomen
schaffen,,7DasPräteritumDerUnregelmäßigenVerben Verb
Schatten,,7DasPräteritumDerUnregelmäßigenVerben Nomen
Schau her!,,Exclamation Verb
schauen,,Buch5 Folge2 Verb
Schauspieler,,Buch5 Folge2 Nomen
scheiden,,B1 StarkeVerb Verb
scheinen,,B1 StarkeVerb Verb
schelten,,C2 StarkeVerb Verb
schenken,,Verb
scheren,,C2 StarkeVerb Verb
Scheunendrescher,,7DasPräteritumDerUnregelmäßigenVerben Nomen
schicken,,Verb
schicken an,,Verb VerbMitFestenPraposition
schicken zu,,Verb VerbMitFestenPraposition
schieben,,B1 StarkeVerb Verb
schießen,,B1 StarkeVerb Verb
schimpfen über,,Verb VerbMitFestenPraposition
schlafen,,A1 StarkeVerb Verb
schlagen,,B1 StarkeVerb Verb
schleichen,,C1 StarkeVerb Verb
schleifen,,C1 StarkeVerb Verb
schließen,,Verb VerbMitDativUndAkkusativObjekt
schlimm,,Adjektiv
schlingen,,C1 StarkeVerb Verb
Schlüssel,,Nomen
schmecken (1),,Verb VerbMitDativUndAkkusativObjekt
schmecken (2),,Verb VerbMitDativUndAkkusativObjekt
schmecken nach,,Verb VerbMitFestenPraposition
schmelzen,,B2 StarkeVerb Verb
schmutzig,,Adjektiv
schneiden,,B1 StarkeVerb Verb
schneien,,Verb
schnell,,Adjektiv
Schock,,Nomen
Schokolade,,13LeseverstehenZumPräteritum Nomen
schön,,Adjektiv
schreiben,,A1 StarkeVerb Verb
schreiben (1),,Verb VerbMitDativUndAkkusativObjekt
schreiben (2),,Verb VerbMitDativUndAkkusativObjekt
schreiben an,,Verb VerbMitFestenPraposition
schreien,,B1 StarkeVerb Verb
schreiten,,B2 StarkeVerb Verb
schuldig,,Adjektiv
Schule,,Nomen
Schüler,,Nomen
Schulkind,,7DasPräteritumDerUnregelmäßigenVerben Nomen
schützen,,7DasPräteritumDerUnregelmäßigenVerben Verb
Schutzengel,,Nomen
schweigen,,B2 StarkeVerb Verb
schwellen,,B2 StarkeVerb Verb
schwer,,Adjektiv
schwierig,,Adjektiv
schwimmen,,A1 StarkeVerb Verb
schwinden,,B2 StarkeVerb Verb
schwingen,,C1 StarkeVerb Verb
schwören,,B2 StarkeVerb Verb
sehen,,A1 StarkeVerb Verb
sehen von,,Verb VerbMitFestenPraposition
sein,,A1 StarkeVerb Verb
sein für,,Verb VerbMitFestenPraposition
sein gegen,,Verb VerbMitFestenPraposition
Seite,,Nomen
Sekunde,,Nomen
selbstverständlich,,KontakteInformationenZurPerson
selten,,13LeseverstehenZumPräteritum Adjektiv
senden,,B1 StarkeVerb Verb
Serie,,Buch5 Folge2 Nomen
Service,,Nomen StellenaziegeMechatroniker
Setz dich!,,Exclamation Verb
setzen,,Verb
setzen (sich),,13LeseverstehenZumPräteritum Verb
sich abtrocknen,,Verb VerbMitReflexivpronomen
sich anschauen,,Verb VerbMitDativUndAkkusativObjekt
sich anstrengen,,Verb VerbMitReflexivpronomen
sich anziehen,,Verb VerbMitReflexivpronomen
sich ärgern über,,Verb VerbMitFestenPraposition
sich ärgern über,,Verb VerbMitReflexivpronomen
sich aufregen (über),,Verb VerbMitReflexivpronomen
sich aufregen über,,Verb VerbMitFestenPraposition
sich ausruhen,,Verb VerbMitReflexivpronomen
sich bedanken bei,,Verb VerbMitFestenPraposition
sich bedanken für,,Verb VerbMitReflexivpronomen
sich beeilen,,Verb VerbMitReflexivpronomen
sich bemühen um,,Verb VerbMitFestenPraposition
sich benachrichtigen,,Verb VerbMitDativUndAkkusativObjekt
sich beschäftigen mit,,Verb VerbMitFestenPraposition
sich beschweren bei,,Verb VerbMitFestenPraposition
sich beschweren über,,Verb VerbMitFestenPraposition
sich beschweren über,,Verb VerbMitReflexivpronomen
sich beteiligen an,,leech Verb VerbMitFestenPraposition
sich bewegen,,Verb VerbMitReflexivpronomen
sich bewerben um,,Verb VerbMitFestenPraposition
sich bewerben um,,Verb VerbMitReflexivpronomen
sich beziehen auf,,leech Verb VerbMitFestenPraposition
sich bücken,,Verb VerbMitReflexivpronomen
sich duschen,,Verb VerbMitReflexivpronomen
sich entscheiden für,,Verb VerbMitFestenPraposition
sich entschließen zu,,Verb VerbMitFestenPraposition
sich entschuldigen,,Verb VerbMitReflexivpronomen
sich entschuldigen bei,,Verb VerbMitFestenPraposition
sich entschuldigen für,,Verb VerbMitFestenPraposition
sich erholen,,Verb VerbMitReflexivpronomen
sich erholen von,,Verb VerbMitFestenPraposition
sich erinnern an,,Verb VerbMitFestenPraposition
sich erinnern an,,Verb VerbMitReflexivpronomen
sich erklären,,Verb VerbMitReflexivpronomen
sich erkundigen nach,,Verb VerbMitFestenPraposition
sich erkundigen nach,,Verb VerbMitReflexivpronomen
sich etwas denken,,Verb VerbMitReflexivpronomen
sich etwas leisten können,,Verb VerbMitReflexivpronomen
sich etwas merken,,Verb VerbMitReflexivpronomen
sich etwas vorstellen,,Verb VerbMitReflexivpronomen
sich etwas vorstellen unter,,Verb VerbMitFestenPraposition
sich etwas wünschen,,Verb VerbMitReflexivpronomen
"sich fragen, ob …",,Verb VerbMitReflexivpronomen
sich freuen auf,,Verb VerbMitFestenPraposition
sich freuen auf,,Verb VerbMitReflexivpronomen
sich freuen über,,Verb VerbMitFestenPraposition
sich fühlen,,Verb VerbMitReflexivpronomen
sich fürchten vor,,Verb VerbMitReflexivpronomen
sich gewöhnen an,,Verb VerbMitFestenPraposition
sich gewöhnen an,,Verb VerbMitReflexivpronomen
sich handeln um,,Verb VerbMitFestenPraposition
sich informieren über,,Verb VerbMitFestenPraposition
sich interessieren für,,Verb VerbMitFestenPraposition
sich interessieren für,,Verb VerbMitReflexivpronomen
sich kämmen,,Verb VerbMitReflexivpronomen
sich konzentrieren auf,,Verb VerbMitReflexivpronomen
sich kümmern um,,Verb VerbMitFestenPraposition
sich kümmern um,,Verb VerbMitReflexivpronomen
sich legen,,Verb VerbMitReflexivpronomen
sich Mühe geben,,Verb VerbMitReflexivpronomen
sich nähern,,Verb VerbMitReflexivpronomen
sich nennen,,Verb VerbMitReflexivpronomen
sich rasieren,,Verb VerbMitReflexivpronomen
sich schämen,,Verb VerbMitReflexivpronomen
sich schminken,,Verb VerbMitReflexivpronomen
sich setzen auf - hin,,Verb VerbMitReflexivpronomen
sich Sorgen machen,,Verb VerbMitReflexivpronomen
sich treffen,,Verb VerbMitReflexivpronomen
sich treffen mit,,Verb VerbMitFestenPraposition
sich treffen zu,,Verb VerbMitFestenPraposition
sich trennen von,,Verb VerbMitFestenPraposition
sich überzeugen von,,Verb VerbMitFestenPraposition
sich umdrehen,,Verb VerbMitReflexivpronomen
sich umziehen,,Verb VerbMitReflexivpronomen
sich unterhalten,,Verb VerbMitReflexivpronomen
sich unterhalten mit,,Verb VerbMitFestenPraposition
sich unterhalten über,,Verb VerbMitFestenPraposition
sich unterscheiden von,,Verb VerbMitFestenPraposition
sich verabreden mit,,Verb VerbMitFestenPraposition
sich verabschieden von,,Verb VerbMitFestenPraposition
sich verlassen auf,,Verb VerbMitFestenPraposition
sich verletzen,,Verb VerbMitReflexivpronomen
sich verlieben in,,Verb VerbMitFestenPraposition
sich verstehen mit,,Verb VerbMitFestenPraposition
sich verteidigen,,Verb VerbMitReflexivpronomen
sich vorbereiten auf,,Verb VerbMitFestenPraposition
sich vorstellen,,Verb VerbMitReflexivpronomen
sich waschen,,Verb VerbMitReflexivpronomen
sich wiegen,,Verb VerbMitReflexivpronomen
sich wundern über,,Verb VerbMitFestenPraposition
sich wundern über,,Verb VerbMitReflexivpronomen
singen,,A1 StarkeVerb Verb
sinnen,,C1 StarkeVerb Verb
Situation,,KontakteInformationenZurPerson
sitzen,,A2 StarkeVerb Verb
Sofa,,Buch5 Folge2 Nomen
Sohn,,Nomen
sollen,,A1 StarkeVerb Verb
Sommer,,7DasPräteritumDerUnregelmäßigenVerben Nomen
Song,,Buch5 Folge2 Nomen
sorgen für,,Verb VerbMitFestenPraposition
spannend,,Adjektiv StellenaziegeMechatroniker
sparen,,Verb VerbMitDativUndAkkusativObjekt
spät,,Adjektiv
Spatz,,Nomen
speien,,C2 StarkeVerb Verb
Spende,,Nomen
spenden,,Verb
Spiel,,Nomen
Spielcasino,,Nomen
spielen,,Verb
Spielfilm,,Buch5 Folge2 Nomen
Spielminute,,Nomen
spinnen,,B2 StarkeVerb Verb
spontan,,Adjektiv StellenaziegeMechatroniker
Sport,,Buch5 Folge2 Nomen
Sprachkurs,,Nomen
sprechen,,A1 StarkeVerb Verb
sprechen mit,,Verb VerbMitFestenPraposition
sprechen über,,Verb VerbMitFestenPraposition
sprießen,,C1 StarkeVerb Verb
springen,,B1 StarkeVerb Verb
spülen,,Verb VerbMitDativUndAkkusativObjekt
Stadt,,13LeseverstehenZumPräteritum Nomen
Staffel,,Buch5 Folge2 Nomen
Standesamt,,Nomen
stark,,Adjektiv
starten,,Verb VerbMitDativUndAkkusativObjekt
Statistik,,Buch5 Folge2 Nomen
Stau,,13LeseverstehenZumPräteritum Nomen
stechen,,B2 StarkeVerb Verb
stecken,,Verb
Steh auf!,,Exclamation Verb
stehen,,A1 StarkeVerb Verb
stehlen,,B1 StarkeVerb Verb
Steig ein!,,Exclamation Verb
steigen,,A2 StarkeVerb Verb
Stelle,,KontakteInformationenZurPerson
stellen,,Verb
sterben,,A2 StarkeVerb Verb
sterben an,,Verb VerbMitFestenPraposition
steuerfrei,,Adjektiv
stieben,,C2 StarkeVerb Verb
still,,Adjektiv
stinken,,B1 StarkeVerb Verb
stopfen,,13LeseverstehenZumPräteritum Verb
stoppen,,Verb VerbMitDativUndAkkusativObjekt
stören,,Verb VerbMitDativUndAkkusativObjekt
Störung,,13LeseverstehenZumPräteritum Nomen
stoßen,,B2 StarkeVerb Verb
Strafzettel,,Nomen
Straße,,13LeseverstehenZumPräteritum Nomen
streichen,,B2 StarkeVerb Verb
streiten,,13LeseverstehenZumPräteritum Verb
streiten (sich),,Buch5 Folge2 Verb
streiten mit,,Verb VerbMitFestenPraposition
streiten über,,Verb VerbMitFestenPraposition
streng,,13LeseverstehenZumPräteritum Adjektiv
stricken,,Verb
Student,,Nomen
studieren,,Verb VerbMitDativUndAkkusativObjekt
Studium,,KontakteInformationenZurPerson
Stunde,,Nomen
stundenlang,,13LeseverstehenZumPräteritum Adjektiv
suchen,,Verb
surfen,,Buch5 Folge2 Verb
sympathisch,,Adjektiv
Tag,,KontakteInformationenZurPerson
tanken,,Verb
Tante,,13LeseverstehenZumPräteritum Nomen
tanzen,,Buch5 Folge2 Verb
Tasche,,Nomen
Tätigkeit,,KontakteInformationenZurPerson
Team,,Nomen StellenaziegeMechatroniker
Team-Assistentin,,KontakteInformationenZurPerson
Technik,,13LeseverstehenZumPräteritum Nomen
technologisiert,,13LeseverstehenZumPräteritum Adjektiv
teilen,,Verb VerbMitDativUndAkkusativObjekt
teilnehmen an,,Verb VerbMitFestenPraposition
telefonieren mit,,Verb VerbMitFestenPraposition
Teller,,Nomen
teuer,,Adjektiv
tief,,Adjektiv
Tiger,,Buch5 Folge2 Nomen
Tipp,,KontakteInformationenZurPerson Nomen
tippen,,Verb
Tisch,,7DasPräteritumDerUnregelmäßigenVerben Nomen
Titel,,Buch5 Folge2 Nomen
Tochter,,Nomen
todmüde,,13LeseverstehenZumPräteritum Adjektiv
Tonne,,Buch5 Folge2 Nomen
Tor,,Nomen
tot,,Adjektiv
töten,,Verb VerbMitDativUndAkkusativObjekt
totschlagen,,7DasPräteritumDerUnregelmäßigenVerben Verb
tragen,,B1 StarkeVerb Verb
Trainer,,Nomen
Training,,Nomen
transportieren,,Verb VerbMitDativUndAkkusativObjekt
Traum,,Buch5 Folge2 Nomen
träumen,,Verb
traurig,,7DasPräteritumDerUnregelmäßigenVerben Adjektiv
treffen,,A1 StarkeVerb Verb
treiben,,A2 StarkeVerb Verb
trennen,,13LeseverstehenZumPräteritum Verb
treten,,B1 StarkeVerb Verb
trinken,,A1 StarkeVerb Verb
trocken,,Adjektiv
trocknen,,Verb VerbMitDativUndAkkusativObjekt
trügen,,B1 StarkeVerb Verb
tun,,A1 StarkeVerb Verb
Tür,,7DasPräteritumDerUnregelmäßigenVerben Nomen
Tüte,,13LeseverstehenZumPräteritum Nomen
Typ,,Buch5 Folge2 Nomen
überfahren,,Verb VerbMitDativUndAkkusativObjekt
Übergewicht,,13LeseverstehenZumPräteritum Nomen
überholen,,Verb VerbMitDativUndAkkusativObjekt
übernehmen,,Must-have-set Verb
überqueren,,Verb VerbMitDativUndAkkusativObjekt
überraschen,,Verb VerbMitDativUndAkkusativObjekt
Überraschung,,Nomen
überreden,,Verb VerbMitDativUndAkkusativObjekt
übersetzen,,Verb VerbMitDativUndAkkusativObjekt
überweisen,,Verb
Überweisung,,Nomen
überzeugen,,Verb VerbMitDativUndAkkusativObjekt
Übung,,KontakteInformationenZurPerson
Ufer,,Buch5 Folge2 Nomen
Uhr,,Nomen
umgehend,,Adjektiv StellenaziegeMechatroniker
umgraben,,7DasPräteritumDerUnregelmäßigenVerben Verb
umkippen,,Everyday-Life Verb
umsteigen,,Verb
umsteigen in,,Must-have-set Verb
umtauschen,,Verb VerbMitDativUndAkkusativObjekt
Umweg,,Nomen StellenaziegeMechatroniker
umziehen,,Verb
unabsichtlich,,Adjektiv
unbekannt,,7DasPräteritumDerUnregelmäßigenVerben Adjektiv
ungewöhnlich,,Adjektiv
unglücklich,,7DasPräteritumDerUnregelmäßigenVerben Adjektiv
Universität,,Nomen
unregelmäßig,,7DasPräteritumDerUnregelmäßigenVerben Adjektiv
Unruhe,,7DasPräteritumDerUnregelmäßigenVerben Nomen
unterhalten (sich),,Buch5 Folge2 Verb
unterrichten,,Verb VerbMitDativUndAkkusativObjekt
unterschreiben,,Verb VerbMitDativUndAkkusativObjekt
unterstützen,,Verb VerbMitDativUndAkkusativObjekt
untersuchen,,Verb
unverheiratet,,KontakteInformationenZurPerson
Urheberrecht,,7DasPräteritumDerUnregelmäßigenVerben Nomen
urheberrechtlich,,7DasPräteritumDerUnregelmäßigenVerben Adjektiv
urheberrechtlich,,7DasPräteritumDerUnregelmäßigenVerben Adjektiv
Urlaub,,Nomen
Verabredung,,13LeseverstehenZumPräteritum Nomen
Verabschieden,,KontakteInformationenZurPerson
veraltet,,KontakteInformationenZurPerson
verändern,,Verb VerbMitDativUndAkkusativObjekt
verantwortlich,,Adjektiv StellenaziegeMechatroniker
Verantwortung,,Nomen StellenaziegeMechatroniker
Verb,,7DasPräteritumDerUnregelmäßigenVerben Nomen
verbieten,,Verb VerbMitDativUndAkkusativObjekt
verbinden,,Verb
verboten,,Adjektiv
verbrauchen,,Verb VerbMitDativUndAkkusativObjekt
verbrennen,,Verb
verbringen,,Verb
verdächtigen,,Verb VerbMitDativUndAkkusativObjekt
verderben,,B2 StarkeVerb Verb
verdienen,,Buch5 Folge2 Verb
verdrießen,,C2 StarkeVerb Verb
verfügen,,StellenaziegeMechatroniker Verb
vergangenen,,Adjektiv
vergeblich,,Adjektiv
vergessen,,A2 StarkeVerb Verb
vergessen auf,,Verb VerbMitFestenPraposition
vergesslich,,Adjektiv
vergleichen,,Verb
vergleichen mit,,Verb VerbMitFestenPraposition
vergrößern,,Verb VerbMitDativUndAkkusativObjekt
Vergrößerung,,Nomen StellenaziegeMechatroniker
verhaften,,Verb VerbMitDativUndAkkusativObjekt
verheimlichen,,Verb VerbMitDativUndAkkusativObjekt
verhindern,,Verb VerbMitDativUndAkkusativObjekt
verkaufen,,Verb
Verkehrsteilnehmer,,13LeseverstehenZumPräteritum Nomen
verlängern,,Verb VerbMitDativUndAkkusativObjekt
verlassen,,Verb VerbMitDativUndAkkusativObjekt
verlegen,,13LeseverstehenZumPräteritum Verb
verletzen,,Verb
verlieren,,A2 StarkeVerb Verb
Verlierer,,Buch5 Folge2 Nomen
vermieten,,Verb VerbMitDativUndAkkusativObjekt
veröffentlichen,,Buch5 Folge2 Verb
verordnen,,13LeseverstehenZumPräteritum Verb
verpassen,,Verb VerbMitDativUndAkkusativObjekt
verraten,,Verb VerbMitDativUndAkkusativObjekt
verrückt,,Adjektiv
verschenken,,Verb
verschieben,,leech Verb
verschieden,,Adjektiv StellenaziegeMechatroniker
verschneit,,Adjektiv
verschreiben,,Verb VerbMitDativUndAkkusativObjekt
versichern,,Verb VerbMitDativUndAkkusativObjekt
Versicherung,,Nomen
versprechen,,Verb VerbMitDativUndAkkusativObjekt
verstecken,,Verb VerbMitDativUndAkkusativObjekt
verstehen,,Verb
versuchen,,Verb
versüßen,,13LeseverstehenZumPräteritum Verb
verteilen,,Verb VerbMitDativUndAkkusativObjekt
Vertrag,,Buch5 Folge2 Nomen
vertrauen,,Verb VerbMitDativUndAkkusativObjekt
vertreten,,Verb VerbMitDativUndAkkusativObjekt
verursachen,,Verb VerbMitDativUndAkkusativObjekt
Verwaltung,,Nomen StellenaziegeMechatroniker
Verwandte,,7DasPräteritumDerUnregelmäßigenVerben Nomen
verwechseln,,Verb
verwenden,,Verb VerbMitDativUndAkkusativObjekt
verwöhnen,,Verb
verzeihen,,B1 StarkeVerb Verb
viel,,KontakteInformationenZurPerson
viele,,7DasPräteritumDerUnregelmäßigenVerben Adjektiv
virtuell,,7DasPräteritumDerUnregelmäßigenVerben Adjektiv
Visitenkarte,,KontakteInformationenZurPerson
voll,,Adjektiv
vorbeikommen,,Mainstream Verb
vorbereiten,,Verb Work
vorgehen,,Must-have-set Verb
vorlesen,,Verb VerbMitDativUndAkkusativObjekt
Vorschlag,,7DasPräteritumDerUnregelmäßigenVerben Nomen
vorschlagen,,Verb VerbMitDativUndAkkusativObjekt
vorstellen,,Verb VerbMitDativUndAkkusativObjekt
vortragen,,7DasPräteritumDerUnregelmäßigenVerben Verb
wachsen,,A2 StarkeVerb Verb
wählen,,Buch5 Folge2 Verb
Wald,,13LeseverstehenZumPräteritum Nomen
warnen,,Verb VerbMitDativUndAkkusativObjekt
warnen vor,,Verb VerbMitFestenPraposition
warten,,Verb
warten auf,,Verb VerbMitFestenPraposition
Was kann ich für Sie tun?,,Satz
Was war das denn jetzt?,,Satz
waschen,,A2 StarkeVerb Verb
weben,,C2 StarkeVerb Verb
wechseln,,Verb
wecken,,Verb VerbMitDativUndAkkusativObjekt
Weg,,13LeseverstehenZumPräteritum Nomen
wegrennen,,Everyday-Life Verb
weiblich,,KontakteInformationenZurPerson
weichen,,B2 StarkeVerb Verb
Weihnachten,,7DasPräteritumDerUnregelmäßigenVerben Nomen
Weihnachtsgeschichte,,7DasPräteritumDerUnregelmäßigenVerben Nomen
weisen,,B1 StarkeVerb Verb
weit,,Adjektiv
Welt,,7DasPräteritumDerUnregelmäßigenVerben Nomen
wenden,,B2 StarkeVerb Verb
Werbeanzeige,,Nomen StellenaziegeMechatroniker
werben,,B1 StarkeVerb Verb
Werbung,,Nomen StellenaziegeMechatroniker
werden,,A2 StarkeVerb Verb
werden zu,,Verb VerbMitFestenPraposition
werfen,,A2 StarkeVerb Verb
Werkstatt,,Nomen StellenaziegeMechatroniker
wichtig,,Adjektiv
widersprechen,,Verb VerbMitDativUndAkkusativObjekt
wiederholen,,Verb VerbMitDativUndAkkusativObjekt
wiegen,,B1 StarkeVerb Verb
Willkommen,,KontakteInformationenZurPerson
winden,,B2 StarkeVerb Verb
Windpocken,,13LeseverstehenZumPräteritum Nomen
winken,,Verb VerbMitDativUndAkkusativObjekt
wissen,,A1 StarkeVerb Verb
wissen von,,Verb VerbMitFestenPraposition
Witz,,Buch5 Folge2 Nomen
witzig,,Adjektiv
Woche,,KontakteInformationenZurPerson
wohnen,,Verb
wollen,,A1 StarkeVerb Verb
Wort,,KontakteInformationenZurPerson
wringen,,C1 StarkeVerb Verb
wundern (sich),,Verb
wunderschön,,7DasPräteritumDerUnregelmäßigenVerben Adjektiv
Wunsch,,Nomen
wünschen,,Verb VerbMitDativUndAkkusativObjekt
Zahl,,Nomen
zahlen,,Verb
zählen,,Verb
zappen,,13LeseverstehenZumPräteritum Verb
zeichnen,,Verb VerbMitDativUndAkkusativObjekt
zeigen,,Verb
Zeit,,Nomen
Zeitschrift,,Buch5 Folge2 Nomen
Zeitung,,Buch5 Folge2 Nomen
zentral,,Buch5 Folge2
zerschneiden,,Buch5 Folge2 Verb
zerstören,,Verb VerbMitDativUndAkkusativObjekt
ziehen hat/ist,,A2 StarkeVerb Verb
Ziel,,Nomen
Zimmer,,13LeseverstehenZumPräteritum Nomen
Zins,,Nomen
zufällig,,Adjektiv
zufrieden,,Adjektiv
Zuhause,,Nomen
zuhören,,Verb VerbMitDativUndAkkusativObjekt
zumachen,,Verb VerbMitDativUndAkkusativObjekt
zunicken,,KontakteInformationenZurPerson Verb
zurechtfinden,,Everyday-Life
zurechtkommen,,Everyday-Life leech Verb
zurückfahren,,Verb
zurückgehen,,Verb
zurückkommen,,Mainstream Verb
zurücklassen,,Verb
zurücklegen,,13LeseverstehenZumPräteritum Verb
zurückrufen,,Mainstream Verb
zusammenarbeiten,,Must-have-set Verb
zusammenbrechen,,Everyday-Life Verb
zusammenfassen,,Verb VerbMitDativUndAkkusativObjekt
zusammenziehen,,its-a-match Verb
zuschauen,,Verb VerbMitDativUndAkkusativObjekt
zuschauen bei,,Verb VerbMitFestenPraposition
Zuschauer,,Buch5 Folge2 Nomen
zuschneiden,,StellenaziegeMechatroniker Verb
zusehen,,Verb VerbMitDativUndAkkusativObjekt
zusehen bei,,Verb VerbMitFestenPraposition
zusichern,,StellenaziegeMechatroniker Verb
zweifeln an,,Verb VerbMitFestenPraposition
zweite,,KontakteInformationenZurPerson
zwingen,,B1 StarkeVerb Verb